dataset,frame,yaw_deg,class,object_points,hits_in_2d_box,hit_ratio,inside_image
kitti_mini,000008,0.0,Car,5127,5108,0.9962941291203433,17238
kitti_mini,000008,0.0,All,5127,5108,0.9962941291203433,17238
kitti_mini,000008,0.5,Car,5104,5082,0.9956896551724138,17281
kitti_mini,000008,0.5,All,5104,5082,0.9956896551724138,17281
kitti_mini,000008,1.0,Car,5071,5001,0.9861960165647802,17316
kitti_mini,000008,1.0,All,5071,5001,0.9861960165647802,17316
kitti_mini,000008,2.0,Car,5008,4748,0.9480830670926518,17384
kitti_mini,000008,2.0,All,5008,4748,0.9480830670926518,17384
kitti_mini,000008,3.0,Car,4943,4497,0.90977139389035,17436
kitti_mini,000008,3.0,All,4943,4497,0.90977139389035,17436
kitti_mini,000011,0.0,Car,418,415,0.992822966507177,19946
kitti_mini,000011,0.0,Pedestrian,307,306,0.996742671009772,19946
kitti_mini,000011,0.0,All,725,721,0.9944827586206897,19946
kitti_mini,000011,0.5,Car,383,371,0.9686684073107049,19946
kitti_mini,000011,0.5,Pedestrian,307,263,0.8566775244299675,19946
kitti_mini,000011,0.5,All,690,634,0.9188405797101449,19946
kitti_mini,000011,1.0,Car,349,318,0.9111747851002865,19952
kitti_mini,000011,1.0,Pedestrian,307,190,0.6188925081433225,19952
kitti_mini,000011,1.0,All,656,508,0.774390243902439,19952
kitti_mini,000011,2.0,Car,285,204,0.7157894736842105,19963
kitti_mini,000011,2.0,Pedestrian,307,65,0.21172638436482086,19963
kitti_mini,000011,2.0,All,592,269,0.4543918918918919,19963
kitti_mini,000011,3.0,Car,230,98,0.4260869565217391,19948
kitti_mini,000011,3.0,Pedestrian,307,16,0.05211726384364821,19948
kitti_mini,000011,3.0,All,537,114,0.2122905027932961,19948
kitti_mini,000049,0.0,Car,3456,3456,1.0,18093
kitti_mini,000049,0.0,Van,340,340,1.0,18093
kitti_mini,000049,0.0,Pedestrian,761,727,0.9553219448094612,18093
kitti_mini,000049,0.0,All,4557,4523,0.9925389510642967,18093
kitti_mini,000049,0.5,Car,3455,3419,0.9895803183791606,18134
kitti_mini,000049,0.5,Van,340,329,0.9676470588235294,18134
kitti_mini,000049,0.5,Pedestrian,764,695,0.9096858638743456,18134
kitti_mini,000049,0.5,All,4559,4443,0.9745558236455363,18134
kitti_mini,000049,1.0,Car,3448,3295,0.9556264501160093,18174
kitti_mini,000049,1.0,Van,340,311,0.9147058823529411,18174
kitti_mini,000049,1.0,Pedestrian,765,651,0.8509803921568627,18174
kitti_mini,000049,1.0,All,4553,4257,0.9349879200527125,18174
kitti_mini,000049,2.0,Car,3411,2998,0.8789211374963354,18229
kitti_mini,000049,2.0,Van,340,268,0.788235294117647,18229
kitti_mini,000049,2.0,Pedestrian,765,561,0.7333333333333333,18229
kitti_mini,000049,2.0,All,4516,3827,0.8474313551815766,18229
kitti_mini,000049,3.0,Car,3365,2659,0.7901931649331352,18231
kitti_mini,000049,3.0,Van,340,227,0.6676470588235294,18231
kitti_mini,000049,3.0,Pedestrian,765,436,0.5699346405228758,18231
kitti_mini,000049,3.0,All,4470,3322,0.7431767337807607,18231
