dataset,frame,perturbation,level,input_points,object_points,box_hits,box_hit_ratio_pct,object_support_vs_clean_pct
kitti_mini,000008,baseline,0.0,122555,5127,5108,99.62941291203433,100.0
kitti_mini,000008,random_dropout,0.9,110227,4628,4613,99.67588591184096,90.26721279500683
kitti_mini,000008,random_dropout,0.7,86031,3592,3579,99.6380846325167,70.06046420908913
kitti_mini,000008,random_dropout,0.5,61304,2546,2538,99.68578161822467,49.65866978740004
kitti_mini,000008,gaussian_noise,0.02,122555,5000,4982,99.64,97.52291788570314
kitti_mini,000008,gaussian_noise,0.05,122555,4639,4616,99.50420349213192,90.48176321435537
kitti_mini,000008,gaussian_noise,0.1,122555,4168,4156,99.71209213051824,81.29510434952213
kitti_mini,000011,baseline,0.0,108004,725,721,99.44827586206897,100.0
kitti_mini,000011,random_dropout,0.9,97128,646,643,99.53560371517027,89.10344827586206
kitti_mini,000011,random_dropout,0.7,75459,513,512,99.80506822612085,70.75862068965517
kitti_mini,000011,random_dropout,0.5,53776,359,355,98.88579387186628,49.51724137931034
kitti_mini,000011,gaussian_noise,0.02,108004,716,713,99.58100558659217,98.75862068965517
kitti_mini,000011,gaussian_noise,0.05,108004,672,664,98.80952380952381,92.6896551724138
kitti_mini,000011,gaussian_noise,0.1,108004,587,577,98.29642248722317,80.96551724137932
kitti_mini,000049,baseline,0.0,113691,4557,4523,99.25389510642967,100.0
kitti_mini,000049,random_dropout,0.9,102282,4074,4043,99.23907707412863,89.40092165898618
kitti_mini,000049,random_dropout,0.7,79394,3224,3199,99.22456575682382,70.74829931972789
kitti_mini,000049,random_dropout,0.5,56913,2293,2275,99.21500218054949,50.31819179284617
kitti_mini,000049,gaussian_noise,0.02,113691,4478,4448,99.33005806163466,98.26640333552776
kitti_mini,000049,gaussian_noise,0.05,113691,4293,4248,98.9517819706499,94.20671494404213
kitti_mini,000049,gaussian_noise,0.1,113691,3916,3868,98.77425944841676,85.93372833004169
